<?xml version="1.0" encoding="utf-8"?>
<odoo>

    <data noupdate="1">
        <record id="snippet_product_attribute_value_1" model="product.attribute.value">
            <field name="name">Red</field>
            <field name="attribute_id" ref="product.product_attribute_2"/>
            <field name="sequence">3</field>
        </record>

        <record id="snippet_product_attribute_value_2" model="product.attribute.value">
            <field name="name">Green</field>
            <field name="attribute_id" ref="product.product_attribute_2"/>
            <field name="sequence">4</field>
        </record>

        <record id="product_feature_1" model="product.feature">
            <field name="sequence">1</field>
            <field name="name">Lorem ipsum dolor sit</field>
            <field name="description">Lorem ipsum dolor sit amet, consectetur adipiscing elit, sed do eiusmod tempor incididunt ut labore et dolore magna aliqua.</field>
            <field name="image" type="base64" file="product_snippet/static/src/img/products/features/icon_1.png"/>
        </record>

        <record id="product_feature_2" model="product.feature">
            <field name="sequence">2</field>
            <field name="name">Lorem ipsum dolor sit</field>
            <field name="description">Lorem ipsum dolor sit amet, consectetur adipiscing elit, sed do eiusmod tempor incididunt ut labore et dolore magna aliqua.</field>
            <field name="image" type="base64" file="product_snippet/static/src/img/products/features/icon_4.png"/>
        </record>

        <record id="product_feature_3" model="product.feature">
            <field name="sequence">3</field>
            <field name="name">Lorem ipsum dolor sit</field>
            <field name="description">Lorem ipsum dolor sit amet, consectetur adipiscing elit, sed do eiusmod tempor incididunt ut labore et dolore magna aliqua.</field>
            <field name="image" type="base64" file="product_snippet/static/src/img/products/features/icon_6.png"/>
        </record>

        <record id="product_feature_4" model="product.feature">
            <field name="sequence">4</field>
            <field name="name">Lorem ipsum dolor sit</field>
            <field name="description">Lorem ipsum dolor sit amet, consectetur adipiscing elit, sed do eiusmod tempor incididunt ut labore et dolore magna aliqua.</field>
            <field name="image" type="base64" file="product_snippet/static/src/img/products/features/icon_7.png"/>
        </record>

        <record id="snippet_product_1" model="product.product">
            <field name="name">Demo Product </field>
            <field name="categ_id" ref="product.product_category_2"/>
            <field name="standard_price">1100.0</field>
            <field name="list_price">1200.0</field>
            <field name="type">consu</field>
            <field name="uom_id" ref="uom.product_uom_unit"/>
            <field name="uom_po_id" ref="uom.product_uom_unit"/>
            <field name="description">Snippet Demo Product - 1</field>
            <field name="default_code">DP-1</field>
            <field name="website_published" eval="True"/>
            <field name="image_1920" type="base64" file="product_snippet/static/src/img/products/1-medium.png"/>
            <field name="website_description" type="html">
                <section id="section-productdetailbanner" class=" content-light component-hero" style="background-image: url(/product_snippet/static/src/img/product_detail/hans-office-shoot-028.jpg)">
                    <div class="backgroundImage cover no-repeat center-center" style="background-image: url(/product_snippet/static/src/img/product_detail/hans-office-shoot-028.jpg)"></div>
                    <div class="content">
                        <div id="hero-title" style="margin-top: 133.333px; opacity: 0.333333;">
                            <h1><strong>Lorem ipsum</strong><br/>Lorem ipsum dolor sit amet.....</h1>
                        </div>
                    </div>
                </section>
                <section id="section-detail_content1" class=" content-gray infoblock-c">
                    <div class="content align-self-center pt-5 pb-0">
                        <div class="container flex-grow">
                            <div class="row pb-5">
                                <div class="col-md-5 align-self-center">
                                    <div class="content image">
                                        <img class="img-fluid" src="/product_snippet/static/src/img/product_detail/img-2.jpg"/>
                                    </div>
                                </div>
                                <div class="col-md-7 order-md-2 align-self-center pt-2">
                                    <div class="content title">
                                        <h2><strong>Simple Guidance For You In Freelance</strong></h2>
                                    </div>
                                    <div class="content description">
                                        <p class="lead py-3">Dragon replacing a selection of text within a single line, the amount of words is roughly being maintained. When the replaced text selection consists fully of lower-cased or capital letters or begins with a capital letter.</p>
                                    </div>
                                    <div class="content cta-button" data-animation="animated fadeIn"></div>
                                </div>
                            </div>
                        </div>
                    </div>
                </section>
                <section id="section-detail_content2" class="infoblock-b">
                    <div class="content align-self-center pt-5 pb-0">
                        <div class="container flex-grow">
                            <div class="row pb-5">
                                <div class="col-md-5 align-self-center">
                                    <div class="content image">
                                        <img class="img-fluid" src="/product_snippet/static/src/img/product_detail/img-3.jpg"/>
                                    </div>
                                </div>
                                <div class="col-md-7 order-md-2 align-self-center pt-2">
                                    <div class="content title">
                                        <h2><strong>5 Factors That Affect Web Design's Longevity</strong></h2>
                                    </div>
                                    <div class="content description">
                                        <p class="lead py-3">Dragon replacing a selection of text within a single line, the amount of words is roughly being maintained. When the replaced text selection consists fully of lower-cased or capital letters or begins with a capital letter.</p>
                                    </div>
                                    <div class="content cta-button">
                                    </div>
                                </div>
                            </div>
                        </div>
                    </div>
                </section>
                <section id="section-detail_content3" class=" content-gray infoblock-c">
                    <div class="backgroundImage cover no-repeat center-center" style="background-image: url()"></div>
                    <div class="content align-self-center pt-5 pb-0">
                        <div class="container flex-grow">
                            <div class="row pb-5">
                                <div class="col-md-5 col-sm-5 col-xs-12  align-self-center">
                                    <div class="content image">
                                        <img class="img-fluid" src="/product_snippet/static/src/img/product_detail/img-1.jpg"/>
                                    </div>
                                </div>
                                <div class="col-md-7 order-md-2 align-self-center pt-2">
                                    <div class="content title">
                                        <h2><strong>Seven Latest Developments In Photography</strong></h2>
                                    </div>
                                    <div class="content description">
                                        <p class="lead py-3">Dragon replacing a selection of text within a single line, the amount of words is roughly being maintained. When the replaced text selection consists fully of lower-cased or capital letters or begins with a capital letter.</p>
                                    </div>
                                    <div class="content cta-button" data-animation="animated fadeIn">
                                    </div>
                                </div>
                            </div>
                        </div>
                    </div>
                </section>
                <section id="section-detail_video_content" class="content-gray infoblock-a oe_img_bg oe_custom_bg" style="background-image: url('/product_snippet/static/src/img/video-bg.jpg');">
                    <div class="content align-self-center pt-5 pb-0">
                        <div class="container flex-grow">
                            <h2 class="title-watch"><strong>Watch the How To Video</strong></h2>
                            <div class="col-md-6 col-sm-6 col-xs-12 offset-sm-3 pb-2">
                                <p>
                                    <div class="media_iframe_video" data-oe-expression="//www.youtube.com/embed/EbKOHP7v0ZU?autoplay=0&amp;rel=0">
                                        <div class="css_editable_mode_display">  </div>
                                        <div class="media_iframe_video_size" contenteditable="false">  </div>
                                    </div>
                                </p>
                            </div>
                        </div>
                    </div>
                </section>
            </field>
        </record>

        <record id="snippet_product_1_product_template" model="product.template">
            <field name="description_sale">Hey you Boots Collection of Bag!</field>
            <field name="public_categ_ids" eval="[(6,0,[ref('website_sale.Components')])]"/>
            <field name="product_feature_ids" eval="[(6,0,[ref('product_snippet.product_feature_1'), ref('product_snippet.product_feature_2'), ref('product_snippet.product_feature_3'), ref('product_snippet.product_feature_4')])]"/>
        </record>
    </data>

</odoo>
